<?xml version="1.0" encoding="UTF-8"?><toc xmlns="http://www.oxygenxml.com/ns/webhelp/toc" xmlns:xhtml="http://www.w3.org/1999/xhtml"><title><span xmlns="http://www.w3.org/1999/xhtml" class="title">How to Use the Shanks Hall Frozen Dessert Machine</span></title><topic href="c-shanksicm.html" data-id="c-shanksicm"><title>Shanks Hall's Frozen Dessert Machine</title><shortdesc><p xmlns="http://www.w3.org/1999/xhtml" class="shortdesc">Shanks Hall has a new Frozen Dessert Machine for students and faculty!</p>
</shortdesc><topicmeta></topicmeta></topic><topic href="t-cleaning.html" data-id="t-cleaning"><title>How to Clean the Frozen Dessert Machine</title><shortdesc><p xmlns="http://www.w3.org/1999/xhtml" class="shortdesc">The machine must be cleaned before it is used for the first time. The machine also must be cleaned after every use.</p>
</shortdesc><topicmeta></topicmeta></topic><topic href="t-freezerbowl.html" data-id="t-freezerbowl"><title>How to Prepare the Freezer Bowl</title><shortdesc><p xmlns="http://www.w3.org/1999/xhtml" class="shortdesc">The freezer bowl must be frozen before use in order for a frozen dessert to be made successfully. </p>
</shortdesc><topicmeta></topicmeta></topic><topic href="t-vanilla.html" data-id="t-vanilla"><title>How to Make Creamy Vanilla Ice Cream </title><shortdesc><p xmlns="http://www.w3.org/1999/xhtml" class="shortdesc">Vanilla ice cream is one of the most popular flavors out there: a classic favorite! </p>
</shortdesc><topicmeta></topicmeta></topic><topic href="t-mangofroyo.html" data-id="t-mangofroyo"><title>How to Make Mango Frozen Yogurt</title><shortdesc><p xmlns="http://www.w3.org/1999/xhtml" class="shortdesc">Frozen Yogurt is a healthy alternative to ice cream. Mango frozen yogurt offers a             sweet, fruity taste!</p>
</shortdesc><topicmeta></topicmeta></topic><topic href="t-raspberrysorbet.html" data-id="t-raspberry"><title>How to Make Raspberry-Mint Sorbet</title><shortdesc><p xmlns="http://www.w3.org/1999/xhtml" class="shortdesc">Raspberry-mint sorbet makes for a great light and refreshing treat with less             calories and fat than ice cream. </p>
</shortdesc><topicmeta></topicmeta></topic></toc>